json_path,alanine_content,diffused_com_x,diffused_com_y,diffused_com_z,fixed_com_x,fixed_com_y,fixed_com_z,glycine_content,helix_fraction,loop_fraction,max_ca_deviation,n_chainbreaks,n_clashing.interresidue_clashes_w_backbone,n_clashing.interresidue_clashes_w_sidechain,n_clashing.ligand_clashes,n_clashing.ligand_min_distance,non_loop_fraction,num_residues,num_ss_elements,radius_of_gyration,sheet_fraction
/content/drive/MyDrive/protein_design/runs/student/enzyme_design/hydrolases/serine_hydrolase/rd1/diffusion_out/5XH3/5XH3_5XH3_0_model_0.json,0.634020618556701,0.7933637499809265,0.03797321394085884,-0.7307906150817871,-0.0002184416080126539,-0.0005782278021797538,0.0006617495673708618,0.08762886597938144,0.8534031413612565,0.14659685863874344,0.13983917236328125,0,0,1,0,1.983489990234375,0.8534031413612565,194,8,17.32468364543835,0.0
/content/drive/MyDrive/protein_design/runs/student/enzyme_design/hydrolases/serine_hydrolase/rd1/diffusion_out/5XH3/5XH3_5XH3_1_model_0.json,0.6648936170212766,-2.2740182876586914,0.7305980324745178,-2.012803316116333,-0.0002184416080126539,-0.0005782278021797538,0.0006617495673708618,0.07446808510638298,0.8162162162162162,0.1837837837837838,0.1012730598449707,0,0,0,0,1.95846688747406,0.8162162162162162,188,9,16.134608186301463,0.0
