json_path,alanine_content,diffused_com_x,diffused_com_y,diffused_com_z,fixed_com_x,fixed_com_y,fixed_com_z,glycine_content,helix_fraction,loop_fraction,max_ca_deviation,n_chainbreaks,n_clashing.interresidue_clashes_w_backbone,n_clashing.interresidue_clashes_w_sidechain,non_loop_fraction,num_residues,num_ss_elements,radius_of_gyration,sheet_fraction
/content/drive/MyDrive/protein_design/runs/student/CLR_RAMP1/exp_01/diffusion_out/CLR_RAMP1_rfd3_test_CLR_RAMP1_test_0_model_0.json,0.23513513513513515,-0.8549188375473022,3.892713785171509,-2.439847469329834,10.650075912475586,-3.605642795562744,-12.054028511047363,0.05405405405405406,0.8442622950819673,0.1557377049180328,0.7784304618835449,1,0,0,0.8442622950819673,370,4,18.095704530708716,0.0
/content/drive/MyDrive/protein_design/runs/student/CLR_RAMP1/exp_01/diffusion_out/CLR_RAMP1_rfd3_test_CLR_RAMP1_test_1_model_0.json,0.1794871794871795,-0.6052947640419006,2.5756261348724365,-2.1417293548583984,10.650075912475586,-3.605642795562744,-12.054028511047363,0.05413105413105413,0.7378640776699029,0.2621359223300971,0.7784304618835449,1,1,2,0.7378640776699029,351,5,17.05022759808463,0.0
